IA_2012_H_200,201107,48789
IA_2012_H_200,201106,29288
IA_2012_H_200,200710,22460
IA_2012_H_200,200802,21820
IA_2012_H_200,201102,21584
IA_2012_H_200,200807,21283
IA_2012_H_200,200502,18304
IA_2012_H_200,200702,16093
IA_2012_H_200,200902,15814
IA_2012_H_200,200712,14819
IA_2012_H_200,200801,14704
IA_2012_H_200,200606,14374
IA_2012_H_200,200804,13727
IA_2012_H_200,201009,13612
IA_2012_H_200,200406,13325
IA_2012_H_200,200806,12081
IA_2012_H_200,200602,11803
IA_2012_H_200,200805,11734
IA_2012_H_200,200503,11622
IA_2012_H_200,200412,11323
IA_2012_H_200,201001,11184
IA_2012_H_200,201011,10816
IA_2012_H_200,200408,10729
IA_2012_H_200,200812,10599
IA_2012_H_200,200512,10441
IA_2012_H_200,200410,10355
IA_2012_H_200,200708,10061
IA_2012_H_200,201101,9883
IA_2012_H_200,200903,9797
IA_2012_H_200,200701,9776
IA_2012_H_200,200904,9724
IA_2012_H_200,200711,9623
IA_2012_H_200,201010,9601
IA_2012_H_200,200703,9565
IA_2012_H_200,201002,9124
IA_2012_H_200,200707,8873
IA_2012_H_200,201008,8820
IA_2012_H_200,200302,8624
IA_2012_H_200,200504,8404
IA_2012_H_200,200605,8386
IA_2012_H_200,201007,8383
IA_2012_H_200,200809,8183
IA_2012_H_200,200901,8180
IA_2012_H_200,201012,8099
IA_2012_H_200,200803,8098
IA_2012_H_200,200601,7913
IA_2012_H_200,201105,7900
IA_2012_H_200,200706,7682
IA_2012_H_200,200910,7556
IA_2012_H_200,200705,7520
IA_2012_H_200,200404,7459
IA_2012_H_200,200308,7439
IA_2012_H_200,200304,7354
IA_2012_H_200,201004,7220
IA_2012_H_200,200312,7185
IA_2012_H_200,200104,7113
IA_2012_H_200,200612,7011
IA_2012_H_200,201005,6902
IA_2012_H_200,200306,6889
IA_2012_H_200,200906,6879
IA_2012_H_200,200210,6832
IA_2012_H_200,200611,6791
IA_2012_H_200,200905,6768
IA_2012_H_200,200604,6703
IA_2012_H_200,200810,6685
IA_2012_H_200,200402,6657
IA_2012_H_200,200212,6481
IA_2012_H_200,200709,6203
IA_2012_H_200,200511,6063
IA_2012_H_200,200607,6043
IA_2012_H_200,200501,5906
IA_2012_H_200,200411,5904
IA_2012_H_200,200310,5900
IA_2012_H_200,200704,5879
IA_2012_H_200,200206,5845
IA_2012_H_200,201103,5624
IA_2012_H_200,200112,5608
IA_2012_H_200,201006,5604
IA_2012_H_200,200409,5497
IA_2012_H_200,200808,5450
IA_2012_H_200,200610,5328
IA_2012_H_200,201003,5327
IA_2012_H_200,200608,5270
IA_2012_H_200,200010,5223
IA_2012_H_200,201104,5204
IA_2012_H_200,200202,5187
IA_2012_H_200,200407,5078
IA_2012_H_200,200106,4994
IA_2012_H_200,200208,4830
IA_2012_H_200,200603,4751
IA_2012_H_200,199812,4517
IA_2012_H_200,200505,4275
IA_2012_H_200,200211,4185
IA_2012_H_200,200003,4159
IA_2012_H_200,200109,4152
IA_2012_H_200,200510,4118
IA_2012_H_200,200107,4094
IA_2012_H_200,200609,3977
IA_2012_H_200,199902,3958
IA_2012_H_200,200108,3940
IA_2012_H_200,200508,3895
IA_2012_H_200,200111,3747
IA_2012_H_200,200103,3746
IA_2012_H_200,200401,3729
IA_2012_H_200,199910,3722
IA_2012_H_200,200110,3614
IA_2012_H_200,200008,3576
IA_2012_H_200,200105,3573
IA_2012_H_200,200005,3465
IA_2012_H_200,200006,3464
IA_2012_H_200,200912,3459
IA_2012_H_200,200405,3448
IA_2012_H_200,200911,3400
IA_2012_H_200,200811,3348
IA_2012_H_200,200307,3281
IA_2012_H_200,200102,3246
IA_2012_H_200,200403,3212
IA_2012_H_200,200509,3152
IA_2012_H_200,200506,3002
IA_2012_H_200,200507,2867
IA_2012_H_200,199706,2847
IA_2012_H_200,199911,2842
IA_2012_H_200,200201,2757
IA_2012_H_200,199612,2594
IA_2012_H_200,200204,2494
IA_2012_H_200,200303,2491
IA_2012_H_200,199904,2404
IA_2012_H_200,200209,2386
IA_2012_H_200,200305,2352
IA_2012_H_200,200309,2323
IA_2012_H_200,199901,2294
IA_2012_H_200,200301,2293
IA_2012_H_200,200311,2173
IA_2012_H_200,199704,2165
IA_2012_H_200,200207,2111
IA_2012_H_200,200203,2083
IA_2012_H_200,200908,1987
IA_2012_H_200,200009,1867
IA_2012_H_200,199905,1765
IA_2012_H_200,199610,1739
IA_2012_H_200,200205,1693
IA_2012_H_200,199801,1578
IA_2012_H_200,200002,1362
IA_2012_H_200,200907,1343
IA_2012_H_200,200004,1294
IA_2012_H_200,199802,1278
IA_2012_H_200,199811,1238
IA_2012_H_200,200007,1233
IA_2012_H_200,199611,1227
IA_2012_H_200,199701,1222
IA_2012_H_200,200909,1100
IA_2012_H_200,200001,1055
IA_2012_H_200,199710,965
IA_2012_H_200,199805,960
IA_2012_H_200,199707,948
IA_2012_H_200,199702,908
IA_2012_H_200,199712,813
IA_2012_H_200,199708,807
IA_2012_H_200,199806,773
IA_2012_H_200,199807,745
IA_2012_H_200,200101,641
IA_2012_H_200,199705,628
IA_2012_H_200,199908,573
IA_2012_H_200,199909,510
IA_2012_H_200,199804,489
IA_2012_H_200,200011,443
IA_2012_H_200,201108,428
IA_2012_H_200,199703,421
IA_2012_H_200,200012,385
IA_2012_H_200,199906,367
IA_2012_H_200,199907,337
IA_2012_H_200,199601,322
IA_2012_H_200,199903,294
IA_2012_H_200,199609,288
IA_2012_H_200,201201,285
IA_2012_H_200,199608,267
IA_2012_H_200,199808,265
IA_2012_H_200,201109,263
IA_2012_H_200,199607,252
IA_2012_H_200,199809,236
IA_2012_H_200,199810,232
IA_2012_H_200,199912,203
IA_2012_H_200,199606,198
IA_2012_H_200,201206,197
IA_2012_H_200,201208,174
IA_2012_H_200,201207,169
IA_2012_H_200,201110,167
IA_2012_H_200,201205,149
IA_2012_H_200,199709,146
IA_2012_H_200,201209,145
IA_2012_H_200,199605,126
IA_2012_H_200,199711,125
IA_2012_H_200,199604,101
IA_2012_H_200,201204,100
IA_2012_H_200,201210,78
IA_2012_H_200,201111,75
IA_2012_H_200,199803,68
IA_2012_H_200,201203,65
IA_2012_H_200,199603,52
IA_2012_H_200,201211,40
IA_2012_H_200,201212,39
IA_2012_H_200,199602,31
IA_2012_H_200,201202,26
IA_2012_H_200,201112,20
IA_2012_H_200,201301,2
IA_2012_H_404,201106,7198
IA_2012_H_404,201107,3287
IA_2012_H_404,201105,376
IA_2012_H_404,201009,282
IA_2012_H_404,201001,280
IA_2012_H_404,201102,269
IA_2012_H_404,201010,212
IA_2012_H_404,201004,201
IA_2012_H_404,201008,190
IA_2012_H_404,201007,186
IA_2012_H_404,200910,179
IA_2012_H_404,201005,168
IA_2012_H_404,201002,160
IA_2012_H_404,201003,151
IA_2012_H_404,201006,147
IA_2012_H_404,201101,135
IA_2012_H_404,201011,115
IA_2012_H_404,201012,105
IA_2012_H_404,200912,101
IA_2012_H_404,200911,101
IA_2012_H_404,200602,57
IA_2012_H_404,201104,52
IA_2012_H_404,200202,42
IA_2012_H_404,201103,40
IA_2012_H_404,200706,27
IA_2012_H_404,200601,27
IA_2012_H_404,200109,27
IA_2012_H_404,200212,26
IA_2012_H_404,200108,25
IA_2012_H_404,200901,24
IA_2012_H_404,200308,23
IA_2012_H_404,200112,23
IA_2012_H_404,200512,22
IA_2012_H_404,200705,21
IA_2012_H_404,200302,21
IA_2012_H_404,200204,21
IA_2012_H_404,200810,19
IA_2012_H_404,200405,19
IA_2012_H_404,200401,19
IA_2012_H_404,200802,17
IA_2012_H_404,200312,17
IA_2012_H_404,200809,16
IA_2012_H_404,200712,16
IA_2012_H_404,200407,16
IA_2012_H_404,200801,15
IA_2012_H_404,200304,15
IA_2012_H_404,200902,14
IA_2012_H_404,200605,14
IA_2012_H_404,200503,14
IA_2012_H_404,200406,14
IA_2012_H_404,200811,13
IA_2012_H_404,200708,13
IA_2012_H_404,200707,13
IA_2012_H_404,200409,13
IA_2012_H_404,200404,13
IA_2012_H_404,200906,12
IA_2012_H_404,200812,12
IA_2012_H_404,200703,12
IA_2012_H_404,200604,12
IA_2012_H_404,200504,12
IA_2012_H_404,200402,12
IA_2012_H_404,200106,12
IA_2012_H_404,200105,12
IA_2012_H_404,200803,11
IA_2012_H_404,200612,11
IA_2012_H_404,200408,11
IA_2012_H_404,200303,11
IA_2012_H_404,200206,11
IA_2012_H_404,200110,11
IA_2012_H_404,200306,10
IA_2012_H_404,200807,9
IA_2012_H_404,200805,9
IA_2012_H_404,200711,9
IA_2012_H_404,200506,9
IA_2012_H_404,200804,8
IA_2012_H_404,200701,8
IA_2012_H_404,200307,8
IA_2012_H_404,200211,8
IA_2012_H_404,200905,7
IA_2012_H_404,200806,7
IA_2012_H_404,200710,7
IA_2012_H_404,200607,7
IA_2012_H_404,200502,7
IA_2012_H_404,200210,7
IA_2012_H_404,200611,6
IA_2012_H_404,200208,6
IA_2012_H_404,200010,6
IA_2012_H_404,199910,6
IA_2012_H_404,200903,5
IA_2012_H_404,200603,5
IA_2012_H_404,200410,5
IA_2012_H_404,200310,5
IA_2012_H_404,200104,5
IA_2012_H_404,199902,5
IA_2012_H_404,199901,5
IA_2012_H_404,201208,4
IA_2012_H_404,200608,4
IA_2012_H_404,200411,4
IA_2012_H_404,200309,4
IA_2012_H_404,200207,4
IA_2012_H_404,200107,4
IA_2012_H_404,199802,4
IA_2012_H_404,201202,3
IA_2012_H_404,200909,3
IA_2012_H_404,200709,3
IA_2012_H_404,200704,3
IA_2012_H_404,200606,3
IA_2012_H_404,200511,3
IA_2012_H_404,200403,3
IA_2012_H_404,200209,3
IA_2012_H_404,200201,3
IA_2012_H_404,199909,3
IA_2012_H_404,200808,2
IA_2012_H_404,200702,2
IA_2012_H_404,200509,2
IA_2012_H_404,200505,2
IA_2012_H_404,200501,2
IA_2012_H_404,200412,2
IA_2012_H_404,200311,2
IA_2012_H_404,200111,2
IA_2012_H_404,200101,2
IA_2012_H_404,200001,2
IA_2012_H_404,199905,2
IA_2012_H_404,100002,2
IA_2012_H_404,201212,1
IA_2012_H_404,201206,1
IA_2012_H_404,200904,1
IA_2012_H_404,200610,1
IA_2012_H_404,200510,1
IA_2012_H_404,200508,1
IA_2012_H_404,200507,1
IA_2012_H_404,200305,1
IA_2012_H_404,200301,1
IA_2012_H_404,200203,1
IA_2012_H_404,200103,1
IA_2012_H_404,200102,1
IA_2012_H_404,200100,1
IA_2012_H_404,200009,1
IA_2012_H_404,200007,1
IA_2012_H_404,200006,1
IA_2012_H_404,200004,1
IA_2012_H_404,199908,1
IA_2012_H_404,199904,1
IA_2012_H_404,199812,1
IA_2012_H_404,199807,1
IA_2012_H_404,199805,1
IA_2012_H_404,199601,1
IA_2012_H_503,201006,881
IA_2012_H_503,201107,489
IA_2012_H_503,201202,322
IA_2012_H_503,200910,225
IA_2012_H_503,201005,158
IA_2012_H_503,201104,152
IA_2012_H_503,200702,137
IA_2012_H_503,201106,136
IA_2012_H_503,200805,116
IA_2012_H_503,200712,84
IA_2012_H_503,200703,81
IA_2012_H_503,200803,76
IA_2012_H_503,200806,72
IA_2012_H_503,200708,72
IA_2012_H_503,200811,67
IA_2012_H_503,200808,64
IA_2012_H_503,200807,61
IA_2012_H_503,200502,58
IA_2012_H_503,201007,57
IA_2012_H_503,200705,55
IA_2012_H_503,200503,54
IA_2012_H_503,201102,53
IA_2012_H_503,200710,53
IA_2012_H_503,200406,53
IA_2012_H_503,200812,50
IA_2012_H_503,200908,46
IA_2012_H_503,200008,44
IA_2012_H_503,200902,41
IA_2012_H_503,200804,41
IA_2012_H_503,200809,39
IA_2012_H_503,200512,39
IA_2012_H_503,200408,39
IA_2012_H_503,200404,39
IA_2012_H_503,200810,38
IA_2012_H_503,200412,37
IA_2012_H_503,200407,37
IA_2012_H_503,200606,36
IA_2012_H_503,200601,36
IA_2012_H_503,200903,35
IA_2012_H_503,201012,34
IA_2012_H_503,200701,34
IA_2012_H_503,200706,33
IA_2012_H_503,200304,33
IA_2012_H_503,200212,33
IA_2012_H_503,200707,31
IA_2012_H_503,200704,31
IA_2012_H_503,200310,30
IA_2012_H_503,200711,29
IA_2012_H_503,200504,28
IA_2012_H_503,200802,26
IA_2012_H_503,201011,25
IA_2012_H_503,201105,24
IA_2012_H_503,200302,23
IA_2012_H_503,200801,22
IA_2012_H_503,200605,22
IA_2012_H_503,200602,22
IA_2012_H_503,200508,21
IA_2012_H_503,200402,21
IA_2012_H_503,200104,20
IA_2012_H_503,200403,19
IA_2012_H_503,200312,19
IA_2012_H_503,200105,19
IA_2012_H_503,201002,18
IA_2012_H_503,200901,18
IA_2012_H_503,200604,17
IA_2012_H_503,200511,17
IA_2012_H_503,200501,17
IA_2012_H_503,200410,17
IA_2012_H_503,200209,17
IA_2012_H_503,200509,16
IA_2012_H_503,200610,15
IA_2012_H_503,200003,15
IA_2012_H_503,200904,14
IA_2012_H_503,200612,14
IA_2012_H_503,200505,14
IA_2012_H_503,200210,14
IA_2012_H_503,200206,14
IA_2012_H_503,200009,14
IA_2012_H_503,200907,13
IA_2012_H_503,200411,13
IA_2012_H_503,200108,13
IA_2012_H_503,201009,12
IA_2012_H_503,200911,12
IA_2012_H_503,200607,12
IA_2012_H_503,200506,12
IA_2012_H_503,200409,12
IA_2012_H_503,200307,12
IA_2012_H_503,200306,12
IA_2012_H_503,200211,12
IA_2012_H_503,200112,12
IA_2012_H_503,200107,12
IA_2012_H_503,201101,11
IA_2012_H_503,201008,11
IA_2012_H_503,201001,11
IA_2012_H_503,200611,11
IA_2012_H_503,200405,11
IA_2012_H_503,200311,11
IA_2012_H_503,200308,11
IA_2012_H_503,200110,11
IA_2012_H_503,200011,11
IA_2012_H_503,200010,11
IA_2012_H_503,201103,10
IA_2012_H_503,200709,10
IA_2012_H_503,200603,10
IA_2012_H_503,200111,10
IA_2012_H_503,200103,10
IA_2012_H_503,200609,9
IA_2012_H_503,200510,9
IA_2012_H_503,199911,9
IA_2012_H_503,200909,8
IA_2012_H_503,200608,8
IA_2012_H_503,200401,8
IA_2012_H_503,200203,8
IA_2012_H_503,200201,8
IA_2012_H_503,200005,8
IA_2012_H_503,200906,7
IA_2012_H_503,200905,7
IA_2012_H_503,200303,7
IA_2012_H_503,200106,7
IA_2012_H_503,199812,7
IA_2012_H_503,200912,6
IA_2012_H_503,200208,6
IA_2012_H_503,200204,6
IA_2012_H_503,200109,6
IA_2012_H_503,200006,6
IA_2012_H_503,201004,5
IA_2012_H_503,200305,5
IA_2012_H_503,200202,5
IA_2012_H_503,199902,5
IA_2012_H_503,199611,5
IA_2012_H_503,201010,4
IA_2012_H_503,200301,4
IA_2012_H_503,200007,4
IA_2012_H_503,200004,4
IA_2012_H_503,199910,4
IA_2012_H_503,199905,4
IA_2012_H_503,199706,4
IA_2012_H_503,199612,4
IA_2012_H_503,199610,4
IA_2012_H_503,200507,3
IA_2012_H_503,200309,3
IA_2012_H_503,200002,3
IA_2012_H_503,200001,3
IA_2012_H_503,199901,3
IA_2012_H_503,199702,3
IA_2012_H_503,201003,2
IA_2012_H_503,199808,2
IA_2012_H_503,199807,2
IA_2012_H_503,199709,2
IA_2012_H_503,199704,2
IA_2012_H_503,209910,1
IA_2012_H_503,200207,1
IA_2012_H_503,200205,1
IA_2012_H_503,200102,1
IA_2012_H_503,200101,1
IA_2012_H_503,200012,1
IA_2012_H_503,199912,1
IA_2012_H_503,199904,1
IA_2012_H_503,199805,1
IA_2012_H_503,199804,1
IA_2012_H_503,199802,1
IA_2012_H_503,199801,1
IA_2012_H_503,199712,1
IA_2012_H_503,199707,1
IA_2012_H_503,199705,1
IA_2012_H_503,199703,1
IA_2012_H_503,199609,1
IA_2012_R_200,201106,90437
IA_2012_R_200,201107,63862
IA_2012_R_200,200802,30500
IA_2012_R_200,201102,25523
IA_2012_R_200,200902,23855
IA_2012_R_200,200712,20912
IA_2012_R_200,200710,20888
IA_2012_R_200,200708,16219
IA_2012_R_200,200010,15564
IA_2012_R_200,200711,15412
IA_2012_R_200,200703,15332
IA_2012_R_200,200706,14989
IA_2012_R_200,201009,14441
IA_2012_R_200,200607,13053
IA_2012_R_200,199910,12589
IA_2012_R_200,201001,9951
IA_2012_R_200,200812,9623
IA_2012_R_200,201012,9481
IA_2012_R_200,201010,9218
IA_2012_R_200,200106,9115
IA_2012_R_200,201101,8660
IA_2012_R_200,200912,8553
IA_2012_R_200,201008,8346
IA_2012_R_200,200807,8273
IA_2012_R_200,200910,8114
IA_2012_R_200,200404,7956
IA_2012_R_200,200606,7164
IA_2012_R_200,201011,6961
IA_2012_R_200,200502,6920
IA_2012_R_200,200104,6872
IA_2012_R_200,200604,6508
IA_2012_R_200,200906,6386
IA_2012_R_200,200003,6304
IA_2012_R_200,200512,6227
IA_2012_R_200,200903,6111
IA_2012_R_200,200904,5845
IA_2012_R_200,200601,5824
IA_2012_R_200,200801,5796
IA_2012_R_200,200804,5668
IA_2012_R_200,200612,5642
IA_2012_R_200,200103,5542
IA_2012_R_200,200805,5518
IA_2012_R_200,201104,5424
IA_2012_R_200,200603,5370
IA_2012_R_200,201007,5367
IA_2012_R_200,200111,5328
IA_2012_R_200,200806,5314
IA_2012_R_200,200702,5226
IA_2012_R_200,201105,5174
IA_2012_R_200,200412,5173
IA_2012_R_200,200406,5012
IA_2012_R_200,200707,5005
IA_2012_R_200,200503,4975
IA_2012_R_200,200105,4953
IA_2012_R_200,200108,4835
IA_2012_R_200,200701,4779
IA_2012_R_200,201003,4554
IA_2012_R_200,200408,4456
IA_2012_R_200,200112,4455
IA_2012_R_200,200210,4426
IA_2012_R_200,200312,4365
IA_2012_R_200,199911,4244
IA_2012_R_200,200809,4224
IA_2012_R_200,200602,4175
IA_2012_R_200,200605,4109
IA_2012_R_200,200211,4050
IA_2012_R_200,201002,4044
IA_2012_R_200,201004,4034
IA_2012_R_200,201103,4009
IA_2012_R_200,200507,3996
IA_2012_R_200,201005,3885
IA_2012_R_200,200810,3844
IA_2012_R_200,200803,3804
IA_2012_R_200,200501,3797
IA_2012_R_200,200504,3738
IA_2012_R_200,200901,3715
IA_2012_R_200,200609,3685
IA_2012_R_200,200705,3587
IA_2012_R_200,201006,3532
IA_2012_R_200,200006,3449
IA_2012_R_200,200107,3437
IA_2012_R_200,200110,3410
IA_2012_R_200,200202,3387
IA_2012_R_200,200102,3332
IA_2012_R_200,200611,3291
IA_2012_R_200,200410,3274
IA_2012_R_200,199905,3234
IA_2012_R_200,200610,3193
IA_2012_R_200,200709,3090
IA_2012_R_200,200304,3090
IA_2012_R_200,200201,3045
IA_2012_R_200,200808,3022
IA_2012_R_200,200905,2950
IA_2012_R_200,200411,2930
IA_2012_R_200,200212,2860
IA_2012_R_200,200511,2855
IA_2012_R_200,200811,2842
IA_2012_R_200,200310,2775
IA_2012_R_200,200306,2676
IA_2012_R_200,200308,2605
IA_2012_R_200,200005,2591
IA_2012_R_200,200407,2566
IA_2012_R_200,200505,2545
IA_2012_R_200,200409,2531
IA_2012_R_200,200510,2440
IA_2012_R_200,200206,2388
IA_2012_R_200,200204,2373
IA_2012_R_200,200911,2372
IA_2012_R_200,200302,2360
IA_2012_R_200,200305,2340
IA_2012_R_200,200608,2277
IA_2012_R_200,200401,2199
IA_2012_R_200,200109,2110
IA_2012_R_200,200704,2051
IA_2012_R_200,200203,1993
IA_2012_R_200,200508,1956
IA_2012_R_200,200208,1930
IA_2012_R_200,200007,1797
IA_2012_R_200,200506,1742
IA_2012_R_200,200309,1674
IA_2012_R_200,199812,1664
IA_2012_R_200,200403,1652
IA_2012_R_200,200311,1635
IA_2012_R_200,200002,1616
IA_2012_R_200,200307,1477
IA_2012_R_200,200509,1433
IA_2012_R_200,200301,1324
IA_2012_R_200,200209,1300
IA_2012_R_200,200402,1282
IA_2012_R_200,200004,1063
IA_2012_R_200,200303,1017
IA_2012_R_200,200405,995
IA_2012_R_200,200207,878
IA_2012_R_200,200001,845
IA_2012_R_200,200008,793
IA_2012_R_200,199904,792
IA_2012_R_200,200205,775
IA_2012_R_200,199612,737
IA_2012_R_200,199901,732
IA_2012_R_200,199902,679
IA_2012_R_200,200909,475
IA_2012_R_200,200908,475
IA_2012_R_200,200009,437
IA_2012_R_200,200011,414
IA_2012_R_200,200907,371
IA_2012_R_200,199801,348
IA_2012_R_200,201201,315
IA_2012_R_200,199701,282
IA_2012_R_200,200101,246
IA_2012_R_200,199704,234
IA_2012_R_200,199601,207
IA_2012_R_200,199712,202
IA_2012_R_200,199706,189
IA_2012_R_200,199806,175
IA_2012_R_200,199610,163
IA_2012_R_200,200012,158
IA_2012_R_200,199707,153
IA_2012_R_200,199611,147
IA_2012_R_200,199811,131
IA_2012_R_200,201207,121
IA_2012_R_200,199908,120
IA_2012_R_200,199807,115
IA_2012_R_200,199710,114
IA_2012_R_200,201206,101
IA_2012_R_200,201205,101
IA_2012_R_200,201108,99
IA_2012_R_200,199804,99
IA_2012_R_200,199802,99
IA_2012_R_200,201208,96
IA_2012_R_200,199805,93
IA_2012_R_200,201209,92
IA_2012_R_200,200100,88
IA_2012_R_200,199702,83
IA_2012_R_200,199900,78
IA_2012_R_200,199912,74
IA_2012_R_200,201109,70
IA_2012_R_200,201210,65
IA_2012_R_200,199909,65
IA_2012_R_200,199800,65
IA_2012_R_200,199705,62
IA_2012_R_200,200000,57
IA_2012_R_200,201204,55
IA_2012_R_200,199906,51
IA_2012_R_200,199607,51
IA_2012_R_200,199606,50
IA_2012_R_200,201110,48
IA_2012_R_200,199605,46
IA_2012_R_200,199708,45
IA_2012_R_200,199903,44
IA_2012_R_200,199703,38
IA_2012_R_200,201203,37
IA_2012_R_200,201212,34
IA_2012_R_200,199609,33
IA_2012_R_200,199907,29
IA_2012_R_200,200200,28
IA_2012_R_200,199608,27
IA_2012_R_200,199604,25
IA_2012_R_200,199809,24
IA_2012_R_200,201211,21
IA_2012_R_200,199700,21
IA_2012_R_200,200400,16
IA_2012_R_200,199711,16
IA_2012_R_200,201111,14
IA_2012_R_200,199810,14
IA_2012_R_200,199603,13
IA_2012_R_200,201202,12
IA_2012_R_200,199709,12
IA_2012_R_200,199808,11
IA_2012_R_200,200500,7
IA_2012_R_200,201112,6
IA_2012_R_200,200300,6
IA_2012_R_200,199602,6
IA_2012_R_200,199803,5
IA_2012_R_200,200700,4
IA_2012_R_200,200800,2
IA_2012_R_200,201301,1
IA_2012_R_200,201000,1
IA_2012_R_404,201106,5582
IA_2012_R_404,201107,2003
IA_2012_R_404,200710,379
IA_2012_R_404,200408,337
IA_2012_R_404,201012,287
IA_2012_R_404,201002,175
IA_2012_R_404,201001,150
IA_2012_R_404,200910,150
IA_2012_R_404,201009,140
IA_2012_R_404,201005,124
IA_2012_R_404,201102,113
IA_2012_R_404,201004,100
IA_2012_R_404,200702,98
IA_2012_R_404,201008,97
IA_2012_R_404,200705,96
IA_2012_R_404,201007,84
IA_2012_R_404,200911,84
IA_2012_R_404,201010,81
IA_2012_R_404,201101,80
IA_2012_R_404,200704,79
IA_2012_R_404,201003,78
IA_2012_R_404,199901,78
IA_2012_R_404,200802,77
IA_2012_R_404,200912,75
IA_2012_R_404,200708,75
IA_2012_R_404,201105,74
IA_2012_R_404,200404,71
IA_2012_R_404,200712,67
IA_2012_R_404,201011,60
IA_2012_R_404,200806,57
IA_2012_R_404,200801,56
IA_2012_R_404,201006,54
IA_2012_R_404,200805,52
IA_2012_R_404,200709,52
IA_2012_R_404,200803,50
IA_2012_R_404,200504,46
IA_2012_R_404,200711,43
IA_2012_R_404,200401,43
IA_2012_R_404,200706,42
IA_2012_R_404,199601,37
IA_2012_R_404,201104,36
IA_2012_R_404,201202,25
IA_2012_R_404,200603,25
IA_2012_R_404,200601,25
IA_2012_R_404,200503,25
IA_2012_R_404,200608,24
IA_2012_R_404,200602,23
IA_2012_R_404,200808,22
IA_2012_R_404,200612,22
IA_2012_R_404,200104,22
IA_2012_R_404,200707,21
IA_2012_R_404,200701,21
IA_2012_R_404,200804,20
IA_2012_R_404,200502,19
IA_2012_R_404,201103,18
IA_2012_R_404,200811,16
IA_2012_R_404,200809,16
IA_2012_R_404,200902,15
IA_2012_R_404,200309,15
IA_2012_R_404,200304,15
IA_2012_R_404,200810,14
IA_2012_R_404,200606,14
IA_2012_R_404,200605,14
IA_2012_R_404,200604,14
IA_2012_R_404,200412,14
IA_2012_R_404,200306,14
IA_2012_R_404,200102,13
IA_2012_R_404,200901,12
IA_2012_R_404,200212,12
IA_2012_R_404,200112,12
IA_2012_R_404,200906,11
IA_2012_R_404,200512,11
IA_2012_R_404,200508,11
IA_2012_R_404,200501,11
IA_2012_R_404,200812,10
IA_2012_R_404,200703,10
IA_2012_R_404,200406,10
IA_2012_R_404,200311,10
IA_2012_R_404,200106,10
IA_2012_R_404,199612,10
IA_2012_R_404,200909,9
IA_2012_R_404,200407,9
IA_2012_R_404,200105,9
IA_2012_R_404,199909,9
IA_2012_R_404,200506,8
IA_2012_R_404,200405,8
IA_2012_R_404,200111,8
IA_2012_R_404,199807,8
IA_2012_R_404,200807,7
IA_2012_R_404,200410,7
IA_2012_R_404,200206,7
IA_2012_R_404,200006,7
IA_2012_R_404,199806,7
IA_2012_R_404,200908,6
IA_2012_R_404,200903,6
IA_2012_R_404,200611,6
IA_2012_R_404,200411,6
IA_2012_R_404,200302,6
IA_2012_R_404,199906,6
IA_2012_R_404,199706,6
IA_2012_R_404,199606,6
IA_2012_R_404,200610,5
IA_2012_R_404,200505,5
IA_2012_R_404,200403,5
IA_2012_R_404,199908,5
IA_2012_R_404,200907,4
IA_2012_R_404,200905,4
IA_2012_R_404,200904,4
IA_2012_R_404,200509,4
IA_2012_R_404,200308,4
IA_2012_R_404,200210,4
IA_2012_R_404,200204,4
IA_2012_R_404,200201,4
IA_2012_R_404,200110,4
IA_2012_R_404,200103,4
IA_2012_R_404,199701,4
IA_2012_R_404,200609,3
IA_2012_R_404,200607,3
IA_2012_R_404,200510,3
IA_2012_R_404,200409,3
IA_2012_R_404,200310,3
IA_2012_R_404,200211,3
IA_2012_R_404,200207,3
IA_2012_R_404,200203,3
IA_2012_R_404,200108,3
IA_2012_R_404,200101,3
IA_2012_R_404,199910,3
IA_2012_R_404,199812,3
IA_2012_R_404,201201,2
IA_2012_R_404,200511,2
IA_2012_R_404,200507,2
IA_2012_R_404,200402,2
IA_2012_R_404,200312,2
IA_2012_R_404,200205,2
IA_2012_R_404,200202,2
IA_2012_R_404,200109,2
IA_2012_R_404,200040,2
IA_2012_R_404,200007,2
IA_2012_R_404,200002,2
IA_2012_R_404,200001,2
IA_2012_R_404,199611,2
IA_2012_R_404,201109,1
IA_2012_R_404,200305,1
IA_2012_R_404,200303,1
IA_2012_R_404,200301,1
IA_2012_R_404,200300,1
IA_2012_R_404,200209,1
IA_2012_R_404,200012,1
IA_2012_R_404,200011,1
IA_2012_R_404,200003,1
IA_2012_R_404,199911,1
IA_2012_R_404,199801,1
IA_2012_R_503,201107,781
IA_2012_R_503,201006,705
IA_2012_R_503,201202,638
IA_2012_R_503,200710,342
IA_2012_R_503,200805,335
IA_2012_R_503,200708,286
IA_2012_R_503,200811,208
IA_2012_R_503,200808,195
IA_2012_R_503,200812,192
IA_2012_R_503,201012,123
IA_2012_R_503,200705,115
IA_2012_R_503,200706,100
IA_2012_R_503,200806,82
IA_2012_R_503,200508,75
IA_2012_R_503,201005,69
IA_2012_R_503,201104,67
IA_2012_R_503,200804,63
IA_2012_R_503,201106,60
IA_2012_R_503,200802,60
IA_2012_R_503,200803,58
IA_2012_R_503,200712,49
IA_2012_R_503,200807,46
IA_2012_R_503,200707,44
IA_2012_R_503,200301,43
IA_2012_R_503,200702,42
IA_2012_R_503,200901,40
IA_2012_R_503,200312,38
IA_2012_R_503,200809,37
IA_2012_R_503,200402,37
IA_2012_R_503,200306,36
IA_2012_R_503,200511,35
IA_2012_R_503,200605,34
IA_2012_R_503,200711,32
IA_2012_R_503,200010,32
IA_2012_R_503,201007,29
IA_2012_R_503,200905,27
IA_2012_R_503,200207,27
IA_2012_R_503,200902,25
IA_2012_R_503,200701,25
IA_2012_R_503,200603,25
IA_2012_R_503,200410,25
IA_2012_R_503,201101,23
IA_2012_R_503,201001,23
IA_2012_R_503,200703,23
IA_2012_R_503,200502,23
IA_2012_R_503,200104,23
IA_2012_R_503,200406,22
IA_2012_R_503,200310,22
IA_2012_R_503,200910,21
IA_2012_R_503,201105,20
IA_2012_R_503,200610,20
IA_2012_R_503,200602,20
IA_2012_R_503,200801,19
IA_2012_R_503,200606,19
IA_2012_R_503,200604,19
IA_2012_R_503,200503,18
IA_2012_R_503,200412,18
IA_2012_R_503,200007,18
IA_2012_R_503,201004,17
IA_2012_R_503,200709,17
IA_2012_R_503,200112,17
IA_2012_R_503,201011,15
IA_2012_R_503,200906,15
IA_2012_R_503,200704,15
IA_2012_R_503,200512,15
IA_2012_R_503,200504,15
IA_2012_R_503,201010,14
IA_2012_R_503,200212,14
IA_2012_R_503,200008,14
IA_2012_R_503,201102,13
IA_2012_R_503,200408,13
IA_2012_R_503,200307,13
IA_2012_R_503,200106,13
IA_2012_R_503,199601,13
IA_2012_R_503,200908,12
IA_2012_R_503,200302,11
IA_2012_R_503,200601,10
IA_2012_R_503,200003,10
IA_2012_R_503,201009,9
IA_2012_R_503,200810,9
IA_2012_R_503,200407,9
IA_2012_R_503,200309,9
IA_2012_R_503,200109,9
IA_2012_R_503,200903,8
IA_2012_R_503,200510,8
IA_2012_R_503,200405,8
IA_2012_R_503,200210,8
IA_2012_R_503,200208,8
IA_2012_R_503,200111,8
IA_2012_R_503,200110,8
IA_2012_R_503,201103,7
IA_2012_R_503,200612,7
IA_2012_R_503,200608,7
IA_2012_R_503,200206,7
IA_2012_R_503,200001,7
IA_2012_R_503,200609,6
IA_2012_R_503,200509,6
IA_2012_R_503,200308,6
IA_2012_R_503,200304,6
IA_2012_R_503,200204,6
IA_2012_R_503,200202,6
IA_2012_R_503,200108,6
IA_2012_R_503,200105,6
IA_2012_R_503,199610,6
IA_2012_R_503,201003,5
IA_2012_R_503,200611,5
IA_2012_R_503,200607,5
IA_2012_R_503,200506,5
IA_2012_R_503,200501,5
IA_2012_R_503,200411,5
IA_2012_R_503,200201,5
IA_2012_R_503,200107,5
IA_2012_R_503,200009,5
IA_2012_R_503,200006,5
IA_2012_R_503,200005,5
IA_2012_R_503,199812,5
IA_2012_R_503,199612,5
IA_2012_R_503,201111,4
IA_2012_R_503,201002,4
IA_2012_R_503,200404,4
IA_2012_R_503,200311,4
IA_2012_R_503,200203,4
IA_2012_R_503,199910,4
IA_2012_R_503,200409,3
IA_2012_R_503,200403,3
IA_2012_R_503,200401,3
IA_2012_R_503,200211,3
IA_2012_R_503,200209,3
IA_2012_R_503,200103,3
IA_2012_R_503,200102,3
IA_2012_R_503,199911,3
IA_2012_R_503,199902,3
IA_2012_R_503,199806,3
IA_2012_R_503,201112,2
IA_2012_R_503,201008,2
IA_2012_R_503,200909,2
IA_2012_R_503,200904,2
IA_2012_R_503,200507,2
IA_2012_R_503,200305,2
IA_2012_R_503,199906,2
IA_2012_R_503,199706,2
IA_2012_R_503,199606,2
IA_2012_R_503,200911,1
IA_2012_R_503,200505,1
IA_2012_R_503,200101,1
IA_2012_R_503,200004,1
IA_2012_R_503,199901,1
IA_2012_R_503,199811,1
IA_2012_R_503,199805,1
IA_2012_R_503,199802,1
IA_2012_R_503,199712,1
IA_2012_R_503,199707,1
IA_2012_R_503,199705,1
